Paris, Buenos Aires
Paris, Rome
Paris, London
Paris, Berlin
Paris, New York
Paris, Dublin Cairo
Philadelphia, Buenos Aires
Philadelphia, Rome
Philadelphia, London
Philadelphia, Berlin
Philadelphia, New York
Philadelphia, Dublin Cairo
Boston, Buenos Aires
Boston, Rome
Boston, London
Boston, Berlin
Boston, New York
Boston, Dublin Cairo
Portland, Buenos Aires
Portland, Rome
Portland, London
Portland, Berlin
Portland, New York
Portland, Dublin Cairo
San Diego, Buenos Aires
San Diego, Rome
San Diego, London
San Diego, Berlin
San Diego, New York
San Diego, Dublin Cairo
Mexico City, Buenos Aires
Mexico City, Rome
Mexico City, London
Mexico City, Berlin
Mexico City, New York
Mexico City, Dublin Cairo
São Paolo, Buenos Aires
São Paolo, Rome
São Paolo, London
São Paolo, Berlin
São Paolo, New York
São Paolo, Dublin Cairo